item_instance_id,template_id,counterbalance,base_context,physical_subcategory,required_components,provided_components,novelty,causal_type,causal_direction,vignette,correct_answer_number,option_1,option_2,option_3,option_4,condition,inference_level
05.1.0.0.a__c1,05.1.0.0.a,1,hide_the_item,hide_the_item,physical_knowledge_materials|physical_knowledge_containers,agent_intended_action_on_object|object_name|object_current_relative_location,1.0,intervention,forward," You have just bought your neighbour, Nikhil, a pair of earbud headphones from a shop in Sevilla as today is their birthday. Nikhil is on their way back from The Works, and you want to display the pair of earbud headphones so that they can see them when they arrive, 'I wonder if I should have bought the gameboy,' you thought. You look around the room and see a metal filing cabinet directly in front of the entrance and a dining table with no drawers or shelves tucked away in the corner of the room.  

Where should you place the gift?
1. Inside the metal filing cabinet
2. Inside the dining table
3. On top of the metal filing cabinet
4. On top of the dining table
",3,Inside the metal filing cabinet,Inside the dining table,On top of the metal filing cabinet,On top of the dining table,A,3
05.1.0.0.a__c2,05.1.0.0.a,2,hide_the_item,hide_the_item,physical_knowledge_materials|physical_knowledge_containers,agent_intended_action_on_object|object_name|object_current_relative_location,1.0,intervention,forward," You have just bought your colleague, Chiara, a satchel from a shop in Belo Horizonte as tomorrow is their birthday. Chiara is on their way back from the coffee shop, and you want to hide the satchel so that they won't see it when they arrive. 'I need to put the satchel in the location that will be least visible when Chiara enters the room,' you thought. You look around the room and see a lidded wooden box directly in front of the entrance and a wooden bench with no drawers or shelves tucked away in the corner of the room.  

Where should you place the gift?
1. Inside the lidded wooden box
2. On top of the wooden bench
3. Inside the wooden bench
4. On top of the lidded wooden box
",1,Inside the lidded wooden box,On top of the wooden bench,Inside the wooden bench,On top of the lidded wooden box,B,0
05.1.0.0.a__c3,05.1.0.0.a,3,hide_the_item,hide_the_item,physical_knowledge_materials|physical_knowledge_containers,agent_intended_action_on_object|object_name|object_current_relative_location,1.0,intervention,forward," You have just bought your partner, Anderson, a china bowl from a shop in Singapore as tomorrow is their birthday. Anderson is on their way back from the doctor's, and you want to hide the china bowl so that they won't see it when they arrive. You look around the room and see a shoe cabinet directly in front of the entrance and a desk with no drawers or shelves tucked away in the corner of the room.  

Where should you place the gift?
1. On top of the desk
2. Inside the desk
3. On top of the shoe cabinet
4. Inside the shoe cabinet
",4,On top of the desk,Inside the desk,On top of the shoe cabinet,Inside the shoe cabinet,B,2
05.1.0.0.a__c4,05.1.0.0.a,4,hide_the_item,hide_the_item,physical_knowledge_materials|physical_knowledge_containers,agent_intended_action_on_object|object_name|object_current_relative_location,1.0,intervention,forward," You have just bought your classmate, Frank, a nintendo from a shop in Hamburg as tomorrow is their birthday. Frank is on their way back from the book shop, and you want to hide the nintendo so that they won't see it when they arrive, 'I wonder if I should have bought the gameboy,' you thought. You look around the room and see a lidded wooden toy box directly in front of the entrance and a stone bench with no drawers or shelves tucked away in the corner of the room.  

Where should you place the gift?
1. On top of the lidded wooden toy box
2. On top of the stone bench
3. Inside the stone bench
4. Inside the lidded wooden toy box
",4,On top of the lidded wooden toy box,On top of the stone bench,Inside the stone bench,Inside the lidded wooden toy box,B,3
05.1.0.0.a__c5,05.1.0.0.a,5,hide_the_item,hide_the_item,physical_knowledge_materials|physical_knowledge_containers,agent_intended_action_on_object|object_name|object_current_relative_location,1.0,intervention,forward," You have just bought your grandparent, Khaled, a diamond necklace from a shop in Belo Horizonte as today is their birthday. Khaled is on their way back from River Island, and you want to display the diamond necklace so that they can see it when they arrive. 'I need to put the diamond necklace in the location that will be most visible when Khaled enters the room,' you thought. You look around the room and see a storage chest directly in front of the entrance and an end table with no drawers or shelves tucked away in the corner of the room.  

Where should you place the gift?
1. On top of the storage chest
2. Inside the end table
3. On top of the end table
4. Inside the storage chest
",1,On top of the storage chest,Inside the end table,On top of the end table,Inside the storage chest,A,0
05.1.0.0.a__c6,05.1.0.0.a,6,hide_the_item,hide_the_item,physical_knowledge_materials|physical_knowledge_containers,agent_intended_action_on_object|object_name|object_current_relative_location,1.0,intervention,forward," You have just bought your child, Hayley, a gameboy from a shop in Pyongyang as today is their birthday. Hayley is on their way back from the bar, and you want to display the gameboy so that they can see it when they arrive. You look around the room and see a wooden TV cabinet directly in front of the entrance and a metal bar stool with no drawers or shelves tucked away in the corner of the room.  

Where should you place the gift?
1. Inside the metal bar stool
2. On top of the wooden TV cabinet
3. Inside the wooden TV cabinet
4. On top of the metal bar stool
",2,Inside the metal bar stool,On top of the wooden TV cabinet,Inside the wooden TV cabinet,On top of the metal bar stool,A,2
05.1.0.0.b__c1,05.1.0.0.b,1,hide_the_item,hide_the_item,physical_knowledge_materials|physical_knowledge_containers,agent_intended_action_on_object|object_name|object_current_relative_location,1.0,intervention,forward," You are a thief, and have just stolen a satchel from a shop in Chicago. You heard that Gianluca, your partner, will soon arrive at your place. You want to display the satchel so that Gianluca can see it when they arrive. 'I wonder if I should have stolen the gameboy,' you thought. You look around the room and see a lidded wicker basket directly in front of the entrance and a metal stool with no drawers or shelves tucked away in the corner of the room. 

Where should you place the stolen item?
1. Inside the metal stool
2. Inside the lidded wicker basket
3. On top of the lidded wicker basket
4. On top of the metal stool
",3,Inside the metal stool,Inside the lidded wicker basket,On top of the lidded wicker basket,On top of the metal stool,A,3
05.1.0.0.b__c2,05.1.0.0.b,2,hide_the_item,hide_the_item,physical_knowledge_materials|physical_knowledge_containers,agent_intended_action_on_object|object_name|object_current_relative_location,1.0,intervention,forward," You are a thief, and have just stolen a playstation from a shop in Rome. You heard that Kelly, a police officer, will soon arrive at your place. You want to hide the playstation so that Kelly won't see it when they arrive. 'I need to put the playstation in the location that will be least visible when Kelly enters the room,' you thought. You look around the room and see a wooden cabinet directly in front of the entrance and a side table with no drawers or shelves tucked away in the corner of the room. 

Where should you place the stolen item?
1. Inside the side table
2. On top of the side table
3. Inside the wooden cabinet
4. On top of the wooden cabinet
",3,Inside the side table,On top of the side table,Inside the wooden cabinet,On top of the wooden cabinet,B,0
05.1.0.0.b__c3,05.1.0.0.b,3,hide_the_item,hide_the_item,physical_knowledge_materials|physical_knowledge_containers,agent_intended_action_on_object|object_name|object_current_relative_location,1.0,intervention,forward," You are a thief, and have just stolen a kindle from a shop in Atlanta. You heard that Rui, a police officer, will soon arrive at your place. You want to hide the kindle so that Rui won't see it when they arrive. You look around the room and see a large opaque lidded plastic box directly in front of the entrance and a wooden coffee table with no drawers or shelves tucked away in the corner of the room. 

Where should you place the stolen item?
1. Inside the wooden coffee table
2. On top of the large opaque lidded plastic box
3. Inside the large opaque lidded plastic box
4. On top of the wooden coffee table
",3,Inside the wooden coffee table,On top of the large opaque lidded plastic box,Inside the large opaque lidded plastic box,On top of the wooden coffee table,B,2
05.1.0.0.b__c4,05.1.0.0.b,4,hide_the_item,hide_the_item,physical_knowledge_materials|physical_knowledge_containers,agent_intended_action_on_object|object_name|object_current_relative_location,1.0,intervention,forward," You are a thief, and have just stolen a playstation from a shop in Damascus. You heard that Carlos, a police officer, will soon arrive at your place. You want to hide the playstation so that Carlos won't see it when they arrive. 'I wonder if I should have stolen the mobile phone,' you thought. You look around the room and see a wooden media cabinet directly in front of the entrance and a wooden coffee table with no drawers or shelves tucked away in the corner of the room. 

Where should you place the stolen item?
1. Inside the wooden coffee table
2. On top of the wooden media cabinet
3. On top of the wooden coffee table
4. Inside the wooden media cabinet
",4,Inside the wooden coffee table,On top of the wooden media cabinet,On top of the wooden coffee table,Inside the wooden media cabinet,B,3
05.1.0.0.b__c5,05.1.0.0.b,5,hide_the_item,hide_the_item,physical_knowledge_materials|physical_knowledge_containers,agent_intended_action_on_object|object_name|object_current_relative_location,1.0,intervention,forward," You are a thief, and have just stolen a diamond necklace from a shop in Melbourne. You heard that Larry, your partner, will soon arrive at your place. You want to display the diamond necklace so that Larry can see it when they arrive. 'I need to put the diamond necklace in the location that will be most visible when Larry enters the room,' you thought. You look around the room and see a lidded wicker basket directly in front of the entrance and a worktop with no drawers or shelves tucked away in the corner of the room. 

Where should you place the stolen item?
1. Inside the worktop
2. On top of the worktop
3. On top of the lidded wicker basket
4. Inside the lidded wicker basket
",3,Inside the worktop,On top of the worktop,On top of the lidded wicker basket,Inside the lidded wicker basket,A,0
05.1.0.0.b__c6,05.1.0.0.b,6,hide_the_item,hide_the_item,physical_knowledge_materials|physical_knowledge_containers,agent_intended_action_on_object|object_name|object_current_relative_location,1.0,intervention,forward," You are a thief, and have just stolen a bottle of perfume from a shop in Belo Horizonte. You heard that Gizem, your partner, will soon arrive at your place. You want to display the bottle of perfume so that Gizem can see it when they arrive. You look around the room and see a wooden media cabinet directly in front of the entrance and a worktop with no drawers or shelves tucked away in the corner of the room. 

Where should you place the stolen item?
1. Inside the wooden media cabinet
2. On top of the worktop
3. On top of the wooden media cabinet
4. Inside the worktop
",3,Inside the wooden media cabinet,On top of the worktop,On top of the wooden media cabinet,Inside the worktop,A,2
03.1.0.0.a__c1,03.1.0.0.a,1,object_drop,object_drop,physical_knowledge_gravity|physical_knowledge_materials,object_material,0.0,intervention,backward," One day, Nigel was building IKEA furniture with you and Marta in the entrance hall. Nigel showed you the mug that they had been given for their birthday. It was the first time either you or Marta had seen the mug. You picked up the mug to look at it more closely. Then, you accidentally dropped the mug on the concrete floor. 

What happened next?
1. It is likely that the mug was broken or damaged.
2. It is likely that neither the mug nor the concrete floor were broken or damaged.
3. It is likely that both the mug and the concrete floor were broken or damaged.
4. It is likely that the concrete floor was broken or damaged.
",1,It is likely that the mug was broken or damaged.,It is likely that neither the mug nor the concrete floor were broken or damaged.,It is likely that both the mug and the concrete floor were broken or damaged.,It is likely that the concrete floor was broken or damaged.,B,2
03.1.0.0.a__c2,03.1.0.0.a,2,object_drop,object_drop,physical_knowledge_gravity|physical_knowledge_materials,object_material,0.0,intervention,backward," One day, Menna was talking about the day with you and Yavuz in the dining room. Menna showed you the china teacup that they had been given for their birthday. It was the first time either you or Yavuz had seen the china teacup. You picked up the china teacup to look at it more closely. 'I must remember to go and buy a new bottle of port,' you thought. Then, you accidentally dropped the china teacup on the concrete floor. 

What happened next?
1. It is likely that the china teacup was broken or damaged.
2. It is likely that both the china teacup and the concrete floor were broken or damaged.
3. It is likely that the concrete floor was broken or damaged.
4. It is likely that neither the china teacup nor the concrete floor were broken or damaged.
",1,It is likely that the china teacup was broken or damaged.,It is likely that both the china teacup and the concrete floor were broken or damaged.,It is likely that the concrete floor was broken or damaged.,It is likely that neither the china teacup nor the concrete floor were broken or damaged.,B,3
03.1.0.0.a__c3,03.1.0.0.a,3,object_drop,object_drop,physical_knowledge_gravity|physical_knowledge_materials,object_material,0.0,intervention,backward," One day, Flor was chilling with you and Mary in the conservatory. Flor showed you the vase that they had been given for their birthday. It was the first time either you or Mary had seen the vase. You picked up the vase to look at it more closely. The vase was very fragile, and seemed like it would break if it hit something hard. Then, you gently placed the vase on the table. 

What happened next?
1. It is likely that neither the vase nor the table were broken or damaged.
2. It is likely that both the vase and the table were broken or damaged.
3. It is likely that the vase was broken or damaged.
4. It is likely that the table was broken or damaged.
",1,It is likely that neither the vase nor the table were broken or damaged.,It is likely that both the vase and the table were broken or damaged.,It is likely that the vase was broken or damaged.,It is likely that the table was broken or damaged.,A,0
03.1.0.0.a__c4,03.1.0.0.a,4,object_drop,object_drop,physical_knowledge_gravity|physical_knowledge_materials,object_material,0.0,intervention,backward," One day, Metin was playing cards with you and Shahid in the hallway. Metin showed you the china teacup that they had been given for their birthday. It was the first time either you or Shahid had seen the china teacup. You picked up the china teacup to look at it more closely. Then, you gently placed the china teacup on the table. 

What happened next?
1. It is likely that the china teacup was broken or damaged.
2. It is likely that neither the china teacup nor the table were broken or damaged.
3. It is likely that the table was broken or damaged.
4. It is likely that both the china teacup and the table were broken or damaged.
",2,It is likely that the china teacup was broken or damaged.,It is likely that neither the china teacup nor the table were broken or damaged.,It is likely that the table was broken or damaged.,It is likely that both the china teacup and the table were broken or damaged.,A,2
03.1.0.0.a__c5,03.1.0.0.a,5,object_drop,object_drop,physical_knowledge_gravity|physical_knowledge_materials,object_material,0.0,intervention,backward," One day, Jessica was eating snacks with you and Aditya in the sitting room. Jessica showed you the espresso mug that they had been given for their birthday. It was the first time either you or Aditya had seen the espresso mug. You picked up the espresso mug to look at it more closely. 'I must remember to go and buy a new sack of potatoes,' you thought. Then, you gently placed the espresso mug on the table. 

What happened next?
1. It is likely that neither the espresso mug nor the table were broken or damaged.
2. It is likely that both the espresso mug and the table were broken or damaged.
3. It is likely that the espresso mug was broken or damaged.
4. It is likely that the table was broken or damaged.
",1,It is likely that neither the espresso mug nor the table were broken or damaged.,It is likely that both the espresso mug and the table were broken or damaged.,It is likely that the espresso mug was broken or damaged.,It is likely that the table was broken or damaged.,A,3
03.1.0.0.a__c6,03.1.0.0.a,6,object_drop,object_drop,physical_knowledge_gravity|physical_knowledge_materials,object_material,0.0,intervention,backward," One day, Sachin was discussing religion with you and Alyssa in the office. Sachin showed you the whiskey glass that they had been given for their birthday. It was the first time either you or Alyssa had seen the whiskey glass. You picked up the whiskey glass to look at it more closely. The whiskey glass was very fragile, and seemed like it would break if it hit something hard. Then, you accidentally dropped the whiskey glass on the concrete floor. 

What happened next?
1. It is likely that the whiskey glass was broken or damaged.
2. It is likely that neither the whiskey glass nor the concrete floor were broken or damaged.
3. It is likely that both the whiskey glass and the concrete floor were broken or damaged.
4. It is likely that the concrete floor was broken or damaged.
",1,It is likely that the whiskey glass was broken or damaged.,It is likely that neither the whiskey glass nor the concrete floor were broken or damaged.,It is likely that both the whiskey glass and the concrete floor were broken or damaged.,It is likely that the concrete floor was broken or damaged.,B,0
03.1.0.0.b__c1,03.1.0.0.b,1,object_drop,object_drop,physical_knowledge_gravity|physical_knowledge_materials,object_material,0.0,intervention,backward," One day, Sharon was watching the news with you and Manoj in the conservatory. Sharon showed you the games console that they had inherited from their grandparent Fernanda. It was the first time either you or Manoj had seen the games console. You picked up the games console to look at it more closely. Then, you accidentally dropped the games console on the concrete floor. 

What happened next?
1. It is likely that neither the games console nor the concrete floor were broken or damaged.
2. It is likely that the concrete floor was broken or damaged.
3. It is likely that both the games console and the concrete floor were broken or damaged.
4. It is likely that the games console was broken or damaged.
",4,It is likely that neither the games console nor the concrete floor were broken or damaged.,It is likely that the concrete floor was broken or damaged.,It is likely that both the games console and the concrete floor were broken or damaged.,It is likely that the games console was broken or damaged.,B,2
03.1.0.0.b__c2,03.1.0.0.b,2,object_drop,object_drop,physical_knowledge_gravity|physical_knowledge_materials,object_material,0.0,intervention,backward," One day, Sandra was eating junk food with you and Darren in the bedroom. Sandra showed you the xbox that they had inherited from their grandparent Tiago. It was the first time either you or Darren had seen the xbox. You picked up the xbox to look at it more closely. 'I must remember to go to order a new piece of cheese,' you thought. Then, you accidentally dropped the xbox on the concrete floor. 

What happened next?
1. It is likely that the concrete floor was broken or damaged.
2. It is likely that neither the xbox nor the concrete floor were broken or damaged.
3. It is likely that both the xbox and the concrete floor were broken or damaged.
4. It is likely that the xbox was broken or damaged.
",4,It is likely that the concrete floor was broken or damaged.,It is likely that neither the xbox nor the concrete floor were broken or damaged.,It is likely that both the xbox and the concrete floor were broken or damaged.,It is likely that the xbox was broken or damaged.,B,3
03.1.0.0.b__c3,03.1.0.0.b,3,object_drop,object_drop,physical_knowledge_gravity|physical_knowledge_materials,object_material,0.0,intervention,backward," One day, Michel was sweeping the floor with you and Usman in the basement. Michel showed you the playstation that they had inherited from their grandparent Charlotte. It was the first time either you or Usman had seen the playstation. You picked up the playstation to look at it more closely. The playstation was very fragile, and seemed like it would break if it hit something hard. Then, you gently placed the playstation on the table. 

What happened next?
1. It is likely that both the playstation and the table were broken or damaged.
2. It is likely that the playstation was broken or damaged.
3. It is likely that neither the playstation nor the table were broken or damaged.
4. It is likely that the table was broken or damaged.
",3,It is likely that both the playstation and the table were broken or damaged.,It is likely that the playstation was broken or damaged.,It is likely that neither the playstation nor the table were broken or damaged.,It is likely that the table was broken or damaged.,A,0
03.1.0.0.b__c4,03.1.0.0.b,4,object_drop,object_drop,physical_knowledge_gravity|physical_knowledge_materials,object_material,0.0,intervention,backward," One day, Marc was cooking breakfast with you and Caroline in the gallery. Marc showed you the kindle that they had inherited from their grandparent Cindy. It was the first time either you or Caroline had seen the kindle. You picked up the kindle to look at it more closely. Then, you gently placed the kindle on the table. 

What happened next?
1. It is likely that the table was broken or damaged.
2. It is likely that neither the kindle nor the table were broken or damaged.
3. It is likely that the kindle was broken or damaged.
4. It is likely that both the kindle and the table were broken or damaged.
",2,It is likely that the table was broken or damaged.,It is likely that neither the kindle nor the table were broken or damaged.,It is likely that the kindle was broken or damaged.,It is likely that both the kindle and the table were broken or damaged.,A,2
03.1.0.0.b__c5,03.1.0.0.b,5,object_drop,object_drop,physical_knowledge_gravity|physical_knowledge_materials,object_material,0.0,intervention,backward," One day, Hasan was writing a shopping list with you and Paul in the second bedroom. Hasan showed you the vase that they had inherited from their grandparent Johannes. It was the first time either you or Paul had seen the vase. You picked up the vase to look at it more closely. 'I must remember to go to order a new bunch of carrots,' you thought. Then, you gently placed the vase on the table. 

What happened next?
1. It is likely that neither the vase nor the table were broken or damaged.
2. It is likely that the vase was broken or damaged.
3. It is likely that both the vase and the table were broken or damaged.
4. It is likely that the table was broken or damaged.
",1,It is likely that neither the vase nor the table were broken or damaged.,It is likely that the vase was broken or damaged.,It is likely that both the vase and the table were broken or damaged.,It is likely that the table was broken or damaged.,A,3
03.1.0.0.b__c6,03.1.0.0.b,6,object_drop,object_drop,physical_knowledge_gravity|physical_knowledge_materials,object_material,0.0,intervention,backward," One day, Ed was playing xbox with you and Arun in the second bedroom. Ed showed you the vase that they had inherited from their grandparent Tarun. It was the first time either you or Arun had seen the vase. You picked up the vase to look at it more closely. The vase was very fragile, and seemed like it would break if it hit something hard. Then, you accidentally dropped the vase on the concrete floor. 

What happened next?
1. It is likely that neither the vase nor the concrete floor were broken or damaged.
2. It is likely that both the vase and the concrete floor were broken or damaged.
3. It is likely that the concrete floor was broken or damaged.
4. It is likely that the vase was broken or damaged.
",4,It is likely that neither the vase nor the concrete floor were broken or damaged.,It is likely that both the vase and the concrete floor were broken or damaged.,It is likely that the concrete floor was broken or damaged.,It is likely that the vase was broken or damaged.,B,0
12.1.0.0.a__c1,12.1.0.0.a,1,ouch_that_hurt,ouch_that_hurt,physical_knowledge_materials|physical_knowledge_human_anatomy,agent_action_sequence|object_contact|object_name,1.0,intervention,backward," You were walking around your home in New York trying on your new pair of Doc Martins. Your co-worker Christina was sitting on a wooden bench in the office, and you were telling them that later you will be spending some time practicing the piano with Nancy. As you were walking across the marble floor, you stepped on a wine glass that Christina had left there. 

What would your most likely response be?
1. 'Oww! That really hurt! I've just stepped next to your wine glass.'
2. 'Oww! That really hurt! I've just stepped on your wine glass.'
3. 'Oops! I've just stepped on your wine glass.'
4. 'Oops! I've just stepped on your marble floor.'
",3,'Oww! That really hurt! I've just stepped next to your wine glass.','Oww! That really hurt! I've just stepped on your wine glass.','Oops! I've just stepped on your wine glass.','Oops! I've just stepped on your marble floor.',A,2
12.1.0.0.a__c2,12.1.0.0.a,2,ouch_that_hurt,ouch_that_hurt,physical_knowledge_materials|physical_knowledge_human_anatomy,agent_action_sequence|object_contact|object_name,1.0,intervention,backward," You were walking around your home in Chennai trying on your new pair of builder's work boots. 'I really could use a new pair of high-heeled shoes,' you thought. Your classmate Katherine was sitting on a settee in the entrance hall, and you were telling them that later you will be spending some time cleaning the house with Vitoria. As you were walking across the concrete floor, you stepped on a small glass statue that Katherine had left there. 

What would your most likely response be?
1. 'Oww! That really hurt! I've just stepped next to your small glass statue.'
2. 'Oww! That really hurt! I've just stepped on your small glass statue.'
3. 'Oops! I've just stepped on your concrete floor.'
4. 'Oops! I've just stepped on your small glass statue.'
",4,'Oww! That really hurt! I've just stepped next to your small glass statue.','Oww! That really hurt! I've just stepped on your small glass statue.','Oops! I've just stepped on your concrete floor.','Oops! I've just stepped on your small glass statue.',A,3
12.1.0.0.a__c3,12.1.0.0.a,3,ouch_that_hurt,ouch_that_hurt,physical_knowledge_materials|physical_knowledge_human_anatomy,agent_action_sequence|object_contact|object_name,1.0,intervention,backward," You were walking barefoot around your home in Fes. 'I should put some shoes on to protect my feet,' you thought. Your cook Dean was sitting on a glass and metal coffee table in the home office, and you were telling them that later you will be spending some time discussing work with Rajesh. As you were walking across the marble floor, you stepped on a fireplace poker that Dean had left there. 

What would your most likely response be?
1. 'Oops! I've just stepped on your fireplace poker.'
2. 'Oops! I've just stepped on your marble floor.'
3. 'Oww! That really hurt! I've just stepped next to your fireplace poker.'
4. 'Oww! That really hurt! I've just stepped on your fireplace poker.'
",4,'Oops! I've just stepped on your fireplace poker.','Oops! I've just stepped on your marble floor.','Oww! That really hurt! I've just stepped next to your fireplace poker.','Oww! That really hurt! I've just stepped on your fireplace poker.',B,0
12.1.0.0.a__c4,12.1.0.0.a,4,ouch_that_hurt,ouch_that_hurt,physical_knowledge_materials|physical_knowledge_human_anatomy,agent_action_sequence|object_contact|object_name,1.0,intervention,backward," You were walking barefoot around your home in Chongqing. Your mate Leah was sitting on a dressing table in the sitting room, and you were telling them that later you will be spending some time swimming with Karan. As you were walking across the carpet, you stepped on a cheese knife that Leah had left there. 

What would your most likely response be?
1. 'Oww! That really hurt! I've just stepped next to your cheese knife.'
2. 'Oops! I've just stepped on your cheese knife.'
3. 'Oops! I've just stepped on your carpet.'
4. 'Oww! That really hurt! I've just stepped on your cheese knife.'
",4,'Oww! That really hurt! I've just stepped next to your cheese knife.','Oops! I've just stepped on your cheese knife.','Oops! I've just stepped on your carpet.','Oww! That really hurt! I've just stepped on your cheese knife.',B,2
12.1.0.0.a__c5,12.1.0.0.a,5,ouch_that_hurt,ouch_that_hurt,physical_knowledge_materials|physical_knowledge_human_anatomy,agent_action_sequence|object_contact|object_name,1.0,intervention,backward," You were walking barefoot around your home in Jaipur. 'I really could use a new pair of loafers,' you thought. Your assistant Kathy was sitting on a wooden bench in the main room, and you were telling them that later you will be spending some time watching a local talent show with Vinicius. As you were walking across the concrete floor, you stepped on a hammer that Kathy had left there. 

What would your most likely response be?
1. 'Oww! That really hurt! I've just stepped next to your hammer.'
2. 'Oops! I've just stepped on your concrete floor.'
3. 'Oww! That really hurt! I've just stepped on your hammer.'
4. 'Oops! I've just stepped on your hammer.'
",3,'Oww! That really hurt! I've just stepped next to your hammer.','Oops! I've just stepped on your concrete floor.','Oww! That really hurt! I've just stepped on your hammer.','Oops! I've just stepped on your hammer.',B,3
12.1.0.0.a__c6,12.1.0.0.a,6,ouch_that_hurt,ouch_that_hurt,physical_knowledge_materials|physical_knowledge_human_anatomy,agent_action_sequence|object_contact|object_name,1.0,intervention,backward," You were walking around your home in Newcastle trying on your new pair of builder's work boots. 'These boots will protect my feet from sharp objects,' you thought. Your assistant Nitin was sitting on a dining table in the sitting room, and you were telling them that later you will be spending some time watching the news with Firat. As you were walking across the marble floor, you stepped on a shot glass that Nitin had left there. 

What would your most likely response be?
1. 'Oww! That really hurt! I've just stepped on your shot glass.'
2. 'Oww! That really hurt! I've just stepped next to your shot glass.'
3. 'Oops! I've just stepped on your marble floor.'
4. 'Oops! I've just stepped on your shot glass.'
",4,'Oww! That really hurt! I've just stepped on your shot glass.','Oww! That really hurt! I've just stepped next to your shot glass.','Oops! I've just stepped on your marble floor.','Oops! I've just stepped on your shot glass.',A,0
12.1.0.0.b__c1,12.1.0.0.b,1,ouch_that_hurt,ouch_that_hurt,physical_knowledge_materials|physical_knowledge_human_anatomy,agent_action_sequence|object_contact|object_name,1.0,intervention,backward," You were walking on a sandy beach near your home in Burundi wearing a pair of Doc Martins. Your housemate Ron was walking beside you, talking about how later that day they will be running for charity with their friend Enes. As you were walking along the beach, listening to Ron, you stepped on a bouquet of roses that had been left there. 

What would your most likely response be?
1. 'Oops! I've just stepped on that patch of sand.'
2. 'Oww! That really hurt! I've just stepped on that bouquet of roses.'
3. 'Oww! That really hurt! I've just stepped next to that bouquet of roses.'
4. 'Oops! I've just stepped on that bouquet of roses.'
",4,'Oops! I've just stepped on that patch of sand.','Oww! That really hurt! I've just stepped on that bouquet of roses.','Oww! That really hurt! I've just stepped next to that bouquet of roses.','Oops! I've just stepped on that bouquet of roses.',A,2
12.1.0.0.b__c2,12.1.0.0.b,2,ouch_that_hurt,ouch_that_hurt,physical_knowledge_materials|physical_knowledge_human_anatomy,agent_action_sequence|object_contact|object_name,1.0,intervention,backward," You were walking on a sandy beach near your home in Equatorial Guinea wearing a pair of thick-soled hiking boots. 'I really could use a new pair of trainers,' you thought. Your associate Kamran was walking beside you, talking about how later that day they will be washing the car with their friend Kieran. As you were walking along the beach, listening to Kamran, you stepped on a wine glass that had been left there. 

What would your most likely response be?
1. 'Oww! That really hurt! I've just stepped on that wine glass.'
2. 'Oww! That really hurt! I've just stepped next to that wine glass.'
3. 'Oops! I've just stepped on that patch of sand.'
4. 'Oops! I've just stepped on that wine glass.'
",4,'Oww! That really hurt! I've just stepped on that wine glass.','Oww! That really hurt! I've just stepped next to that wine glass.','Oops! I've just stepped on that patch of sand.','Oops! I've just stepped on that wine glass.',A,3
12.1.0.0.b__c3,12.1.0.0.b,3,ouch_that_hurt,ouch_that_hurt,physical_knowledge_materials|physical_knowledge_human_anatomy,agent_action_sequence|object_contact|object_name,1.0,intervention,backward," You were walking barefoot on a sandy beach near your home in Israel. 'I should put some shoes on to protect my feet,' you thought. Your pal Dawn was walking beside you, talking about how later that day they will be watching a film with their friend Drew. As you were walking along the beach, listening to Dawn, you stepped on a metal ash tray that had been left there. 

What would your most likely response be?
1. 'Oops! I've just stepped on that metal ash tray.'
2. 'Oops! I've just stepped on that patch of sand.'
3. 'Oww! That really hurt! I've just stepped next to that metal ash tray.'
4. 'Oww! That really hurt! I've just stepped on that metal ash tray.'
",4,'Oops! I've just stepped on that metal ash tray.','Oops! I've just stepped on that patch of sand.','Oww! That really hurt! I've just stepped next to that metal ash tray.','Oww! That really hurt! I've just stepped on that metal ash tray.',B,0
12.1.0.0.b__c4,12.1.0.0.b,4,ouch_that_hurt,ouch_that_hurt,physical_knowledge_materials|physical_knowledge_human_anatomy,agent_action_sequence|object_contact|object_name,1.0,intervention,backward," You were walking barefoot on a sandy beach near your home in Serbia. Your pal Arjan was walking beside you, talking about how later that day they will be listening to the radio with their friend Anthony. As you were walking along the beach, listening to Arjan, you stepped on a claw hammer that had been left there. 

What would your most likely response be?
1. 'Oww! That really hurt! I've just stepped on that claw hammer.'
2. 'Oops! I've just stepped on that patch of sand.'
3. 'Oww! That really hurt! I've just stepped next to that claw hammer.'
4. 'Oops! I've just stepped on that claw hammer.'
",1,'Oww! That really hurt! I've just stepped on that claw hammer.','Oops! I've just stepped on that patch of sand.','Oww! That really hurt! I've just stepped next to that claw hammer.','Oops! I've just stepped on that claw hammer.',B,2
12.1.0.0.b__c5,12.1.0.0.b,5,ouch_that_hurt,ouch_that_hurt,physical_knowledge_materials|physical_knowledge_human_anatomy,agent_action_sequence|object_contact|object_name,1.0,intervention,backward," You were walking barefoot on a sandy beach near your home in Equatorial Guinea. 'I really could use a new pair of shoes,' you thought. Your line manager Dominique was walking beside you, talking about how later that day they will be washing the dishes with their friend Raffaele. As you were walking along the beach, listening to Dominique, you stepped on a nail that had been left there. 

What would your most likely response be?
1. 'Oww! That really hurt! I've just stepped next to that nail.'
2. 'Oops! I've just stepped on that nail.'
3. 'Oops! I've just stepped on that patch of sand.'
4. 'Oww! That really hurt! I've just stepped on that nail.'
",4,'Oww! That really hurt! I've just stepped next to that nail.','Oops! I've just stepped on that nail.','Oops! I've just stepped on that patch of sand.','Oww! That really hurt! I've just stepped on that nail.',B,3
12.1.0.0.b__c6,12.1.0.0.b,6,ouch_that_hurt,ouch_that_hurt,physical_knowledge_materials|physical_knowledge_human_anatomy,agent_action_sequence|object_contact|object_name,1.0,intervention,backward," You were walking on a sandy beach near your home in Mexico wearing a pair of thick-soled hiking boots. 'These boots will protect my feet from sharp objects,' you thought. Your schoolmate Riccardo was walking beside you, talking about how later that day they will be looking for a job with their friend Lucy. As you were walking along the beach, listening to Riccardo, you stepped on a bouquet of roses that had been left there. 

What would your most likely response be?
1. 'Oww! That really hurt! I've just stepped next to that bouquet of roses.'
2. 'Oops! I've just stepped on that patch of sand.'
3. 'Oww! That really hurt! I've just stepped on that bouquet of roses.'
4. 'Oops! I've just stepped on that bouquet of roses.'
",4,'Oww! That really hurt! I've just stepped next to that bouquet of roses.','Oops! I've just stepped on that patch of sand.','Oww! That really hurt! I've just stepped on that bouquet of roses.','Oops! I've just stepped on that bouquet of roses.',A,0
01.1.0.0.a__c1,01.1.0.0.a,1,unexpected_contents,unexpected_contents,physical_knowledge_materials|physical_knowledge_object_permanence,object_label|object_material|object_contents|object_material_transparency,0.0,counterfactual,forward," You went into the hallway in your home in Lagos and found a box that you had not ordered and had never seen before. The box was made of opaque plastic and was tightly sealed with an opaque plastic lid. You were not able to see inside and would have to rely on the label. The label on the box was written in your language. You read the label which said: 'Cornish pasties'. The box was filled with cornish pasties and did not contain any crackers. 

Before opening it, what would you have believed was inside the box?
1. Cornish pasties.
2. Crackers.
3. Plums.
4. Both cornish pasties and crackers.
",1,Cornish pasties.,Crackers.,Plums.,Both cornish pasties and crackers.,A,0
01.1.0.0.a__c2,01.1.0.0.a,2,unexpected_contents,unexpected_contents,physical_knowledge_materials|physical_knowledge_object_permanence,object_label|object_material|object_contents|object_material_transparency,0.0,counterfactual,forward," You went into the family room in your home in Mecca and found a box that you had not ordered and had never seen before. The box was made of opaque plastic and was tightly sealed with an opaque plastic lid. The label on the box was written in your language. You read the label which said: 'Peaches'. The box was filled with peaches and did not contain any sushi. 

Before opening it, what would you have believed was inside the box?
1. Sushi.
2. Sprouts.
3. Both peaches and sushi.
4. Peaches.
",4,Sushi.,Sprouts.,Both peaches and sushi.,Peaches.,A,2
01.1.0.0.a__c3,01.1.0.0.a,3,unexpected_contents,unexpected_contents,physical_knowledge_materials|physical_knowledge_object_permanence,object_label|object_material|object_contents|object_material_transparency,0.0,counterfactual,forward," You went into the lounge in your home in Houston and found a box that you had not ordered and had never seen before. The box was made of opaque plastic and was tightly sealed with an opaque plastic lid. Earlier that day, you had eaten some pretzels. The label on the box was written in your language. You read the label which said: 'Burgers'. The box was filled with burgers and did not contain any smarties. 

Before opening it, what would you have believed was inside the box?
1. Both burgers and smarties.
2. Smarties.
3. Burgers.
4. Pretzels.
",3,Both burgers and smarties.,Smarties.,Burgers.,Pretzels.,A,3
01.1.0.0.a__c4,01.1.0.0.a,4,unexpected_contents,unexpected_contents,physical_knowledge_materials|physical_knowledge_object_permanence,object_label|object_material|object_contents|object_material_transparency,0.0,counterfactual,forward," You went into the pantry in your home in Ottawa and found a box that you had not ordered and had never seen before. The box was made of opaque plastic and was tightly sealed with an opaque plastic lid. You were not able to see inside and would have to rely on the label. The label on the box was written in your language. You read the label which said: 'Pork chops'. The box was filled with noodles and did not contain any pork chops. 

Before opening it, what would you have believed was inside the box?
1. Noodles.
2. Pork chops.
3. Prunes.
4. Both noodles and pork chops.
",2,Noodles.,Pork chops.,Prunes.,Both noodles and pork chops.,B,0
01.1.0.0.a__c5,01.1.0.0.a,5,unexpected_contents,unexpected_contents,physical_knowledge_materials|physical_knowledge_object_permanence,object_label|object_material|object_contents|object_material_transparency,0.0,counterfactual,forward," You went into the bedroom in your home in Washington and found a box that you had not ordered and had never seen before. The box was made of opaque plastic and was tightly sealed with an opaque plastic lid. The label on the box was written in your language. You read the label which said: 'Raisins'. The box was filled with pineapple and did not contain any raisins. 

Before opening it, what would you have believed was inside the box?
1. Both pineapple and raisins.
2. Raisins.
3. Pineapple.
4. Muffins.
",2,Both pineapple and raisins.,Raisins.,Pineapple.,Muffins.,B,2
01.1.0.0.a__c6,01.1.0.0.a,6,unexpected_contents,unexpected_contents,physical_knowledge_materials|physical_knowledge_object_permanence,object_label|object_material|object_contents|object_material_transparency,0.0,counterfactual,forward," You went into the kitchen in your home in Athens and found a box that you had not ordered and had never seen before. The box was made of opaque plastic and was tightly sealed with an opaque plastic lid. Earlier that day, you had eaten some blueberries. The label on the box was written in your language. You read the label which said: 'Pancakes'. The box was filled with muffins and did not contain any pancakes. 

Before opening it, what would you have believed was inside the box?
1. Muffins.
2. Both muffins and pancakes.
3. Blueberries.
4. Pancakes.
",4,Muffins.,Both muffins and pancakes.,Blueberries.,Pancakes.,B,3
01.1.0.0.b__c1,01.1.0.0.b,1,unexpected_contents,unexpected_contents,physical_knowledge_materials|physical_knowledge_object_permanence,object_label|object_material|object_contents|object_material_transparency,0.0,counterfactual,forward," You went into the centre of Giza to do some shopping. You went down a side street that you had never been down before, and found a shop that you didn't recognise. There were no windows and the opaque plastic door was shut: You were not able to see inside and would have to rely on the sign. The sign on the shop was written in your language. You read the sign which said: 'Headphones'. Going inside, the shop was filled with headphones, and did not contain any pets. 

Before going inside, what would you have believed was inside the shop?
1. Pets.
2. Headphones.
3. High-heeled shoes.
4. Both headphones and pets.
",2,Pets.,Headphones.,High-heeled shoes.,Both headphones and pets.,A,0
01.1.0.0.b__c2,01.1.0.0.b,2,unexpected_contents,unexpected_contents,physical_knowledge_materials|physical_knowledge_object_permanence,object_label|object_material|object_contents|object_material_transparency,0.0,counterfactual,forward," You went into the centre of Philadelphia to do some shopping. You went down a side street that you had never been down before, and found a shop that you didn't recognise. There were no windows and the opaque plastic door was shut. The sign on the shop was written in your language. You read the sign which said: 'Pizza'. Going inside, the shop was filled with pizza, and did not contain any oil paintings. 

Before going inside, what would you have believed was inside the shop?
1. Oil paintings.
2. Both pizza and oil paintings.
3. Pizza.
4. Pets.
",3,Oil paintings.,Both pizza and oil paintings.,Pizza.,Pets.,A,2
01.1.0.0.b__c3,01.1.0.0.b,3,unexpected_contents,unexpected_contents,physical_knowledge_materials|physical_knowledge_object_permanence,object_label|object_material|object_contents|object_material_transparency,0.0,counterfactual,forward," You went into the centre of Chongqing to do some shopping. You went down a side street that you had never been down before, and found a shop that you didn't recognise. There were no windows and the opaque plastic door was shut. Earlier that day, you had ordered some mobile phones. The sign on the shop was written in your language. You read the sign which said: 'Sportswear'. Going inside, the shop was filled with sportswear, and did not contain any plants. 

Before going inside, what would you have believed was inside the shop?
1. Plants.
2. Mobile phones.
3. Sportswear.
4. Both sportswear and plants.
",3,Plants.,Mobile phones.,Sportswear.,Both sportswear and plants.,A,3
01.1.0.0.b__c4,01.1.0.0.b,4,unexpected_contents,unexpected_contents,physical_knowledge_materials|physical_knowledge_object_permanence,object_label|object_material|object_contents|object_material_transparency,0.0,counterfactual,forward," You went into the centre of Douala to do some shopping. You went down a side street that you had never been down before, and found a shop that you didn't recognise. There were no windows and the opaque plastic door was shut: You were not able to see inside and would have to rely on the sign. The sign on the shop was written in your language. You read the sign which said: 'Furniture'. Going inside, the shop was filled with sporting equipment, and did not contain any furniture. 

Before going inside, what would you have believed was inside the shop?
1. Furniture.
2. Both sporting equipment and furniture.
3. Sporting equipment.
4. Toys.
",1,Furniture.,Both sporting equipment and furniture.,Sporting equipment.,Toys.,B,0
01.1.0.0.b__c5,01.1.0.0.b,5,unexpected_contents,unexpected_contents,physical_knowledge_materials|physical_knowledge_object_permanence,object_label|object_material|object_contents|object_material_transparency,0.0,counterfactual,forward," You went into the centre of Munich to do some shopping. You went down a side street that you had never been down before, and found a shop that you didn't recognise. There were no windows and the opaque plastic door was shut. The sign on the shop was written in your language. You read the sign which said: 'Pizza'. Going inside, the shop was filled with carpets, and did not contain any pizza. 

Before going inside, what would you have believed was inside the shop?
1. Both carpets and pizza.
2. Make up.
3. Pizza.
4. Carpets.
",3,Both carpets and pizza.,Make up.,Pizza.,Carpets.,B,2
01.1.0.0.b__c6,01.1.0.0.b,6,unexpected_contents,unexpected_contents,physical_knowledge_materials|physical_knowledge_object_permanence,object_label|object_material|object_contents|object_material_transparency,0.0,counterfactual,forward," You went into the centre of Jakarta to do some shopping. You went down a side street that you had never been down before, and found a shop that you didn't recognise. There were no windows and the opaque plastic door was shut. Earlier that day, you had ordered some sweets. The sign on the shop was written in your language. You read the sign which said: 'Carpets'. Going inside, the shop was filled with pets, and did not contain any carpets. 

Before going inside, what would you have believed was inside the shop?
1. Both pets and carpets.
2. Pets.
3. Sweets.
4. Carpets.
",4,Both pets and carpets.,Pets.,Sweets.,Carpets.,B,3
